set_name,word,total,detected,failed_frames,fills,status
set_01,bat,60,60,,,OK
set_01,cup,60,60,,,OK
set_01,drop,60,60,,,OK
set_01,eat,60,60,,,OK
set_01,fish,60,60,,,OK
set_01,hot,60,60,,,OK
set_01,jump,60,60,,,OK
set_01,milk,60,60,,,OK
set_01,pen,60,60,,,OK
set_01,red,60,60,,,OK
set_02,bat,60,60,,,OK
set_02,cup,60,60,,,OK
set_02,drop,60,60,,,OK
set_02,eat,60,60,,,OK
set_02,fish,60,60,,,OK
set_02,hot,60,60,,,OK
set_02,jump,60,60,,,OK
set_02,milk,60,60,,,OK
set_02,pen,60,60,,,OK
set_02,red,60,60,,,OK
set_03,bat,60,60,,,OK
set_03,cup,60,60,,,OK
set_03,drop,60,60,,,OK
set_03,eat,60,60,,,OK
set_03,fish,60,60,,,OK
set_03,hot,60,60,,,OK
set_03,jump,60,60,,,OK
set_03,milk,60,60,,,OK
set_03,pen,60,60,,,OK
set_03,red,60,60,,,OK
set_04,bat,60,60,,,OK
set_04,cup,60,60,,,OK
set_04,drop,60,60,,,OK
set_04,eat,60,60,,,OK
set_04,fish,60,60,,,OK
set_04,hot,60,60,,,OK
set_04,jump,60,60,,,OK
set_04,milk,60,60,,,OK
set_04,pen,60,60,,,OK
set_04,red,60,60,,,OK
set_05,bat,60,60,,,OK
set_05,cup,60,60,,,OK
set_05,drop,60,60,,,OK
set_05,eat,60,60,,,OK
set_05,fish,60,60,,,OK
set_05,hot,60,60,,,OK
set_05,jump,60,60,,,OK
set_05,milk,60,60,,,OK
set_05,pen,60,60,,,OK
set_05,red,60,60,,,OK
set_06,bat,60,60,,,OK
set_06,cup,60,60,,,OK
set_06,drop,60,60,,,OK
set_06,eat,60,60,,,OK
set_06,fish,60,60,,,OK
set_06,hot,60,60,,,OK
set_06,jump,60,60,,,OK
set_06,milk,60,60,,,OK
set_06,pen,60,60,,,OK
set_06,red,60,60,,,OK
set_07,bat,60,60,,,OK
set_07,cup,60,60,,,OK
set_07,drop,60,60,,,OK
set_07,eat,60,60,,,OK
set_07,fish,60,60,,,OK
set_07,hot,60,60,,,OK
set_07,jump,60,60,,,OK
set_07,milk,60,60,,,OK
set_07,pen,60,60,,,OK
set_07,red,60,60,,,OK
set_08,bat,60,60,,,OK
set_08,cup,60,60,,,OK
set_08,drop,60,60,,,OK
set_08,eat,60,60,,,OK
set_08,fish,60,60,,,OK
set_08,hot,60,60,,,OK
set_08,jump,60,60,,,OK
set_08,milk,60,60,,,OK
set_08,pen,60,60,,,OK
set_08,red,60,60,,,OK
set_09,bat,60,60,,,OK
set_09,cup,60,60,,,OK
set_09,drop,60,60,,,OK
set_09,eat,60,60,,,OK
set_09,fish,60,60,,,OK
set_09,hot,60,60,,,OK
set_09,jump,60,60,,,OK
set_09,milk,60,60,,,OK
set_09,pen,60,60,,,OK
set_09,red,60,60,,,OK
set_10,bat,60,60,,,OK
set_10,cup,60,60,,,OK
set_10,drop,60,60,,,OK
set_10,eat,60,60,,,OK
set_10,fish,60,60,,,OK
set_10,hot,60,60,,,OK
set_10,jump,60,60,,,OK
set_10,milk,60,60,,,OK
set_10,pen,60,60,,,OK
set_10,red,60,60,,,OK
set_11,bat,60,60,,,OK
set_11,cup,60,60,,,OK
set_11,drop,60,60,,,OK
set_11,eat,60,60,,,OK
set_11,fish,60,60,,,OK
set_11,hot,60,60,,,OK
set_11,jump,60,60,,,OK
set_11,milk,60,60,,,OK
set_11,pen,60,60,,,OK
set_11,red,60,60,,,OK
set_12,bat,60,60,,,OK
set_12,cup,60,60,,,OK
set_12,drop,60,60,,,OK
set_12,eat,60,60,,,OK
set_12,fish,60,60,,,OK
set_12,hot,60,60,,,OK
set_12,jump,60,60,,,OK
set_12,milk,60,60,,,OK
set_12,pen,60,60,,,OK
set_12,red,60,60,,,OK
set_13,bat,60,60,,,OK
set_13,cup,60,60,,,OK
set_13,drop,60,60,,,OK
set_13,eat,60,60,,,OK
set_13,fish,60,60,,,OK
set_13,hot,60,60,,,OK
set_13,jump,60,60,,,OK
set_13,milk,60,60,,,OK
set_13,pen,60,60,,,OK
set_13,red,60,60,,,OK
set_14,bat,60,60,,,OK
set_14,cup,60,60,,,OK
set_14,drop,60,60,,,OK
set_14,eat,60,60,,,OK
set_14,fish,60,60,,,OK
set_14,hot,60,60,,,OK
set_14,jump,60,60,,,OK
set_14,milk,60,60,,,OK
set_14,pen,60,60,,,OK
set_14,red,60,60,,,OK
set_15,bat,60,60,,,OK
set_15,cup,60,60,,,OK
set_15,drop,60,60,,,OK
set_15,eat,60,60,,,OK
set_15,fish,60,60,,,OK
set_15,hot,60,60,,,OK
set_15,jump,60,60,,,OK
set_15,milk,60,60,,,OK
set_15,pen,60,60,,,OK
set_15,red,60,60,,,OK
set_16,bat,60,60,,,OK
set_16,cup,60,60,,,OK
set_16,drop,60,60,,,OK
set_16,eat,60,60,,,OK
set_16,fish,60,60,,,OK
set_16,hot,60,60,,,OK
set_16,jump,60,60,,,OK
set_16,milk,60,60,,,OK
set_16,pen,60,60,,,OK
set_16,red,60,60,,,OK
set_17,bat,60,60,,,OK
set_17,cup,60,60,,,OK
set_17,drop,60,60,,,OK
set_17,eat,60,60,,,OK
set_17,fish,60,60,,,OK
set_17,hot,60,60,,,OK
set_17,jump,60,60,,,OK
set_17,milk,60,60,,,OK
set_17,pen,60,60,,,OK
set_17,red,60,60,,,OK
set_18,bat,60,60,,,OK
set_18,cup,60,60,,,OK
set_18,drop,60,60,,,OK
set_18,eat,60,60,,,OK
set_18,fish,60,60,,,OK
set_18,hot,60,60,,,OK
set_18,jump,60,60,,,OK
set_18,milk,60,60,,,OK
set_18,pen,60,60,,,OK
set_18,red,60,60,,,OK
set_19,bat,60,60,,,OK
set_19,cup,60,60,,,OK
set_19,drop,60,60,,,OK
set_19,eat,60,60,,,OK
set_19,fish,60,60,,,OK
set_19,hot,60,60,,,OK
set_19,jump,60,60,,,OK
set_19,milk,60,60,,,OK
set_19,pen,60,60,,,OK
set_19,red,60,60,,,OK
set_20,bat,60,60,,,OK
set_20,cup,60,60,,,OK
set_20,drop,60,60,,,OK
set_20,eat,60,60,,,OK
set_20,fish,60,60,,,OK
set_20,hot,60,60,,,OK
set_20,jump,60,60,,,OK
set_20,milk,60,60,,,OK
set_20,pen,60,60,,,OK
set_20,red,60,60,,,OK
set_21,bat,60,60,,,OK
set_21,cup,60,60,,,OK
set_21,drop,60,60,,,OK
set_21,eat,60,60,,,OK
set_21,fish,60,60,,,OK
set_21,hot,60,60,,,OK
set_21,jump,60,60,,,OK
set_21,milk,60,60,,,OK
set_21,pen,60,60,,,OK
set_21,red,60,60,,,OK
set_22,bat,60,60,,,OK
set_22,cup,60,60,,,OK
set_22,drop,60,60,,,OK
set_22,eat,60,60,,,OK
set_22,fish,60,60,,,OK
set_22,hot,60,60,,,OK
set_22,jump,60,60,,,OK
set_22,milk,60,60,,,OK
set_22,pen,60,60,,,OK
set_22,red,60,60,,,OK
set_23,bat,60,60,,,OK
set_23,cup,60,60,,,OK
set_23,drop,60,60,,,OK
set_23,eat,60,60,,,OK
set_23,fish,60,60,,,OK
set_23,hot,60,60,,,OK
set_23,jump,60,60,,,OK
set_23,milk,60,60,,,OK
set_23,pen,60,60,,,OK
set_23,red,60,60,,,OK
set_24,bat,60,60,,,OK
set_24,cup,60,60,,,OK
set_24,drop,60,60,,,OK
set_24,eat,60,60,,,OK
set_24,fish,60,60,,,OK
set_24,hot,60,60,,,OK
set_24,jump,60,60,,,OK
set_24,milk,60,60,,,OK
set_24,pen,60,60,,,OK
set_24,red,60,60,,,OK
set_25,bat,60,60,,,OK
set_25,cup,60,60,,,OK
set_25,drop,60,60,,,OK
set_25,eat,60,60,,,OK
set_25,fish,60,60,,,OK
set_25,hot,60,60,,,OK
set_25,jump,60,60,,,OK
set_25,milk,60,60,,,OK
set_25,pen,60,60,,,OK
set_25,red,60,60,,,OK
set_26,bat,60,60,,,OK
set_26,cup,60,60,,,OK
set_26,drop,60,60,,,OK
set_26,eat,60,60,,,OK
set_26,fish,60,60,,,OK
set_26,hot,60,60,,,OK
set_26,jump,60,60,,,OK
set_26,milk,60,60,,,OK
set_26,pen,60,60,,,OK
set_26,red,60,60,,,OK
set_27,bat,60,60,,,OK
set_27,cup,60,60,,,OK
set_27,drop,60,60,,,OK
set_27,eat,60,60,,,OK
set_27,fish,60,60,,,OK
set_27,hot,60,60,,,OK
set_27,jump,60,60,,,OK
set_27,milk,60,60,,,OK
set_27,pen,60,60,,,OK
set_27,red,60,60,,,OK
set_28,bat,60,60,,,OK
set_28,cup,60,60,,,OK
set_28,drop,60,60,,,OK
set_28,eat,60,60,,,OK
set_28,fish,60,60,,,OK
set_28,hot,60,60,,,OK
set_28,jump,60,60,,,OK
set_28,milk,60,60,,,OK
set_28,pen,60,60,,,OK
set_28,red,60,60,,,OK
set_29,bat,60,60,,,OK
set_29,cup,60,60,,,OK
set_29,drop,60,60,,,OK
set_29,eat,60,60,,,OK
set_29,fish,60,60,,,OK
set_29,hot,60,60,,,OK
set_29,jump,60,60,,,OK
set_29,milk,60,60,,,OK
set_29,pen,60,60,,,OK
set_29,red,60,60,,,OK
set_30,bat,60,60,,,OK
set_30,cup,60,60,,,OK
set_30,drop,60,60,,,OK
set_30,eat,60,60,,,OK
set_30,fish,60,60,,,OK
set_30,hot,60,60,,,OK
set_30,jump,60,60,,,OK
set_30,milk,60,60,,,OK
set_30,pen,60,60,,,OK
set_30,red,60,60,,,OK
set_31,bat,60,60,,,OK
set_31,cup,60,60,,,OK
set_31,drop,60,60,,,OK
set_31,eat,60,60,,,OK
set_31,fish,60,60,,,OK
set_31,hot,60,60,,,OK
set_31,jump,60,60,,,OK
set_31,milk,60,60,,,OK
set_31,pen,60,60,,,OK
set_31,red,60,60,,,OK
set_32,bat,60,60,,,OK
set_32,cup,60,60,,,OK
set_32,drop,60,60,,,OK
set_32,eat,60,60,,,OK
set_32,fish,60,60,,,OK
set_32,hot,60,60,,,OK
set_32,jump,60,60,,,OK
set_32,milk,60,60,,,OK
set_32,pen,60,60,,,OK
set_32,red,60,60,,,OK
set_33,bat,60,60,,,OK
set_33,cup,60,60,,,OK
set_33,drop,60,60,,,OK
set_33,eat,60,60,,,OK
set_33,fish,60,60,,,OK
set_33,hot,60,60,,,OK
set_33,jump,60,60,,,OK
set_33,milk,60,60,,,OK
set_33,pen,60,60,,,OK
set_33,red,60,60,,,OK
set_34,bat,60,60,,,OK
set_34,cup,60,60,,,OK
set_34,drop,60,60,,,OK
set_34,eat,60,60,,,OK
set_34,fish,60,60,,,OK
set_34,hot,60,60,,,OK
set_34,jump,60,60,,,OK
set_34,milk,60,60,,,OK
set_34,pen,60,60,,,OK
set_34,red,60,60,,,OK
set_35,bat,60,60,,,OK
set_35,cup,60,60,,,OK
set_35,drop,60,60,,,OK
set_35,eat,60,60,,,OK
set_35,fish,60,60,,,OK
set_35,hot,60,60,,,OK
set_35,jump,60,60,,,OK
set_35,milk,60,60,,,OK
set_35,pen,60,60,,,OK
set_35,red,60,60,,,OK
set_36,bat,60,60,,,OK
set_36,cup,60,60,,,OK
set_36,drop,60,60,,,OK
set_36,eat,60,60,,,OK
set_36,fish,60,60,,,OK
set_36,hot,60,60,,,OK
set_36,jump,60,60,,,OK
set_36,milk,60,60,,,OK
set_36,pen,60,60,,,OK
set_36,red,60,60,,,OK
set_37,bat,60,60,,,OK
set_37,cup,60,60,,,OK
set_37,drop,60,60,,,OK
set_37,eat,60,60,,,OK
set_37,fish,60,60,,,OK
set_37,hot,60,60,,,OK
set_37,jump,60,60,,,OK
set_37,milk,60,60,,,OK
set_37,pen,60,60,,,OK
set_37,red,60,60,,,OK
set_38,bat,60,60,,,OK
set_38,cup,60,60,,,OK
set_38,drop,60,60,,,OK
set_38,eat,60,60,,,OK
set_38,fish,60,60,,,OK
set_38,hot,60,60,,,OK
set_38,jump,60,60,,,OK
set_38,milk,60,60,,,OK
set_38,pen,60,60,,,OK
set_38,red,60,60,,,OK
set_39,bat,60,60,,,OK
set_39,cup,60,60,,,OK
set_39,drop,60,60,,,OK
set_39,eat,60,60,,,OK
set_39,fish,60,60,,,OK
set_39,hot,60,60,,,OK
set_39,jump,60,60,,,OK
set_39,milk,60,60,,,OK
set_39,pen,60,60,,,OK
set_39,red,60,60,,,OK
set_40,bat,60,60,,,OK
set_40,cup,60,60,,,OK
set_40,drop,60,60,,,OK
set_40,eat,60,60,,,OK
set_40,fish,60,60,,,OK
set_40,hot,60,60,,,OK
set_40,jump,60,60,,,OK
set_40,milk,60,60,,,OK
set_40,pen,60,60,,,OK
set_40,red,60,60,,,OK
set_41,bat,60,60,,,OK
set_41,cup,60,60,,,OK
set_41,drop,60,60,,,OK
set_41,eat,60,60,,,OK
set_41,fish,60,60,,,OK
set_41,hot,60,60,,,OK
set_41,jump,60,60,,,OK
set_41,milk,60,60,,,OK
set_41,pen,60,60,,,OK
set_41,red,60,60,,,OK
set_42,bat,60,60,,,OK
set_42,cup,60,60,,,OK
set_42,drop,60,60,,,OK
set_42,eat,60,60,,,OK
set_42,fish,60,60,,,OK
set_42,hot,60,60,,,OK
set_42,jump,60,60,,,OK
set_42,milk,60,60,,,OK
set_42,pen,60,60,,,OK
set_42,red,60,60,,,OK
set_43,bat,60,60,,,OK
set_43,cup,60,60,,,OK
set_43,drop,60,60,,,OK
set_43,eat,60,60,,,OK
set_43,fish,60,60,,,OK
set_43,hot,60,60,,,OK
set_43,jump,60,60,,,OK
set_43,milk,60,60,,,OK
set_43,pen,60,60,,,OK
set_43,red,60,60,,,OK
set_44,bat,60,60,,,OK
set_44,cup,60,60,,,OK
set_44,drop,60,60,,,OK
set_44,eat,60,60,,,OK
set_44,fish,60,60,,,OK
set_44,hot,60,60,,,OK
set_44,jump,60,60,,,OK
set_44,milk,60,60,,,OK
set_44,pen,60,60,,,OK
set_44,red,60,60,,,OK
set_45,bat,60,60,,,OK
set_45,cup,60,60,,,OK
set_45,drop,60,60,,,OK
set_45,eat,60,60,,,OK
set_45,fish,60,60,,,OK
set_45,hot,60,60,,,OK
set_45,jump,60,60,,,OK
set_45,milk,60,60,,,OK
set_45,pen,60,60,,,OK
set_45,red,60,60,,,OK
set_46,bat,60,60,,,OK
set_46,cup,60,60,,,OK
set_46,drop,60,60,,,OK
set_46,eat,60,60,,,OK
set_46,fish,60,60,,,OK
set_46,hot,60,60,,,OK
set_46,jump,60,60,,,OK
set_46,milk,60,60,,,OK
set_46,pen,60,60,,,OK
set_46,red,60,60,,,OK
set_47,bat,60,60,,,OK
set_47,cup,60,60,,,OK
set_47,drop,60,60,,,OK
set_47,eat,60,60,,,OK
set_47,fish,60,60,,,OK
set_47,hot,60,60,,,OK
set_47,jump,60,60,,,OK
set_47,milk,60,60,,,OK
set_47,pen,60,60,,,OK
set_47,red,60,60,,,OK
set_48,bat,60,60,,,OK
set_48,cup,60,60,,,OK
set_48,drop,60,60,,,OK
set_48,eat,60,60,,,OK
set_48,fish,60,60,,,OK
set_48,hot,60,60,,,OK
set_48,jump,60,60,,,OK
set_48,milk,60,60,,,OK
set_48,pen,60,60,,,OK
set_48,red,60,60,,,OK
set_49,bat,60,60,,,OK
set_49,cup,60,60,,,OK
set_49,drop,60,60,,,OK
set_49,eat,60,60,,,OK
set_49,fish,60,60,,,OK
set_49,hot,60,60,,,OK
set_49,jump,60,60,,,OK
set_49,milk,60,60,,,OK
set_49,pen,60,60,,,OK
set_49,red,60,60,,,OK
set_50,bat,60,60,,,OK
set_50,cup,60,60,,,OK
set_50,drop,60,60,,,OK
set_50,eat,60,60,,,OK
set_50,fish,60,60,,,OK
set_50,hot,60,60,,,OK
set_50,jump,60,60,,,OK
set_50,milk,60,60,,,OK
set_50,pen,60,60,,,OK
set_50,red,60,60,,,OK
set_51,bat,60,60,,,OK
set_51,cup,60,60,,,OK
set_51,drop,60,60,,,OK
set_51,eat,60,60,,,OK
set_51,fish,60,60,,,OK
set_51,hot,60,60,,,OK
set_51,jump,60,60,,,OK
set_51,milk,60,60,,,OK
set_51,pen,60,60,,,OK
set_51,red,60,60,,,OK
set_52,bat,60,60,,,OK
set_52,cup,60,60,,,OK
set_52,drop,60,60,,,OK
set_52,eat,60,60,,,OK
set_52,fish,60,60,,,OK
set_52,hot,60,60,,,OK
set_52,jump,60,60,,,OK
set_52,milk,60,60,,,OK
set_52,pen,60,60,,,OK
set_52,red,60,60,,,OK
set_53,bat,60,60,,,OK
set_53,cup,60,60,,,OK
set_53,drop,60,60,,,OK
set_53,eat,60,60,,,OK
set_53,fish,60,60,,,OK
set_53,hot,60,60,,,OK
set_53,jump,60,60,,,OK
set_53,milk,60,60,,,OK
set_53,pen,60,60,,,OK
set_53,red,60,60,,,OK
set_54,bat,60,60,,,OK
set_54,cup,60,60,,,OK
set_54,drop,60,60,,,OK
set_54,eat,60,60,,,OK
set_54,fish,60,60,,,OK
set_54,hot,60,60,,,OK
set_54,jump,60,60,,,OK
set_54,milk,60,60,,,OK
set_54,pen,60,60,,,OK
set_54,red,60,60,,,OK
set_55,bat,60,60,,,OK
set_55,cup,60,60,,,OK
set_55,drop,60,60,,,OK
set_55,eat,60,60,,,OK
set_55,fish,60,60,,,OK
set_55,hot,60,60,,,OK
set_55,jump,60,60,,,OK
set_55,milk,60,60,,,OK
set_55,pen,60,60,,,OK
set_55,red,60,60,,,OK
set_56,bat,60,60,,,OK
set_56,cup,60,60,,,OK
set_56,drop,60,60,,,OK
set_56,eat,60,60,,,OK
set_56,fish,60,60,,,OK
set_56,hot,60,60,,,OK
set_56,jump,60,60,,,OK
set_56,milk,60,60,,,OK
set_56,pen,60,60,,,OK
set_56,red,60,60,,,OK
set_57,bat,60,60,,,OK
set_57,cup,60,60,,,OK
set_57,drop,60,60,,,OK
set_57,eat,60,60,,,OK
set_57,fish,60,60,,,OK
set_57,hot,60,60,,,OK
set_57,jump,60,60,,,OK
set_57,milk,60,60,,,OK
set_57,pen,60,60,,,OK
set_57,red,60,60,,,OK
set_58,bat,60,60,,,OK
set_58,cup,60,60,,,OK
set_58,drop,60,60,,,OK
set_58,eat,60,60,,,OK
set_58,fish,60,60,,,OK
set_58,hot,60,60,,,OK
set_58,jump,60,60,,,OK
set_58,milk,60,60,,,OK
set_58,pen,60,60,,,OK
set_58,red,60,60,,,OK
set_59,bat,60,60,,,OK
set_59,cup,60,60,,,OK
set_59,drop,60,60,,,OK
set_59,eat,60,60,,,OK
set_59,fish,60,60,,,OK
set_59,hot,60,60,,,OK
set_59,jump,60,60,,,OK
set_59,milk,60,60,,,OK
set_59,pen,60,60,,,OK
set_59,red,60,60,,,OK
set_60,bat,60,60,,,OK
set_60,cup,60,60,,,OK
set_60,drop,60,60,,,OK
set_60,eat,60,60,,,OK
set_60,fish,60,60,,,OK
set_60,hot,60,60,,,OK
set_60,jump,60,60,,,OK
set_60,milk,60,60,,,OK
set_60,pen,60,60,,,OK
set_60,red,60,60,,,OK
